<?xml version="1.0" encoding="utf-8"?>
<HotKeyLink>
	<SelectionTypes>
		<Selection type="radar" name="Radar"></Selection>
	</SelectionTypes>
	<SelectionModes>
		<Mode name="Radar" type="query"><![CDATA[Select cast(json_value(cast(Content as varchar(max)), '$.ContractCode') as NVarChar(4)) {COL ContractCode KEY },cast(json_value(cast(Content as varchar(max)), '$.Description') as NVarChar(64)) {COL Description},cast(json_value(cast(Content as varchar(max)), '$.Notes') as NVarChar(128)) {COL Notes},cast(json_value(cast(Content as varchar(max)), '$.Disabled') as NVarChar) {COL Disabled TYPE Bool} FROM TB_CustomMasters WHERE TB_CustomMasters.TableName = /*_pb1*/ N'TMaster' AND TB_CustomMasters.Owner = /*_pb2*/ N'CST_00001']]></Mode>
	</SelectionModes>
</HotKeyLink>
