{"ldbo":[{"id":"1cb2d547-1e5b-46a4-b6d6-d887ac3711cc","name":"Extensions.TbDMS","items":[{"is_draft":false,"id":"cec64441-ec0a-47e3-b6a3-0a1a15647c86","name":"TMaster","description":"commit element","items":[{"is_draft":false,"id":"846c59b8-8018-4005-b81e-68a14e6c5573","name":"ContractCode","description":"commit element","data_type":null,"origin_type":"String","primary_key":true,"local":null,"auto_increment":null,"auto_numberer":null,"auto_numberer_column_name":null,"commited":true,"default_value":null,"length":4,"release":"11","app":"MyMagoStudio","mod":"Tools","am_ctx_name":"CSTName1","type":"Column"},{"is_draft":false,"id":"8783a87f-c4b0-4f3e-865a-521a8b742cd8","name":"Description","description":"commit element","data_type":null,"origin_type":"String","primary_key":false,"local":null,"auto_increment":null,"auto_numberer":null,"auto_numberer_column_name":null,"commited":true,"default_value":null,"length":64,"release":"11","app":"MyMagoStudio","mod":"Tools","am_ctx_name":"CSTName1","type":"Column"},{"is_draft":false,"id":"0482781e-09ed-4b16-aae9-ad71e8a6bd7d","name":"Notes","description":"commit element","data_type":null,"origin_type":"String","primary_key":false,"local":null,"auto_increment":null,"auto_numberer":null,"auto_numberer_column_name":null,"commited":true,"default_value":null,"length":128,"release":"11","app":"MyMagoStudio","mod":"Tools","am_ctx_name":"CSTName1","type":"Column"},{"is_draft":false,"id":"3511358b-0e65-4d30-b840-b4d8384ffe15","name":"Disabled","description":"commit element","data_type":null,"origin_type":"Boolean","primary_key":false,"local":null,"auto_increment":null,"auto_numberer":null,"auto_numberer_column_name":null,"commited":true,"default_value":null,"length":null,"release":"11","app":"MyMagoStudio","mod":"Tools","am_ctx_name":"CSTName1","type":"Column"},{"is_draft":false,"id":"d3f62fb7-2e57-41b8-b5af-94ba9134652c","name":"AuxNotes","description":"commit element","data_type":null,"origin_type":"String","primary_key":false,"local":null,"auto_increment":null,"auto_numberer":null,"auto_numberer_column_name":null,"commited":true,"default_value":null,"length":256,"release":"11","app":"MyMagoStudio","mod":"Tools","am_ctx_name":"CSTName1","type":"Column"},{"is_draft":false,"id":"b58d0d27-d431-4bfc-adc6-c65c953c1d81","name":"LocalAuxNotes","description":"commit element","data_type":null,"origin_type":"String","primary_key":false,"local":true,"auto_increment":null,"auto_numberer":null,"auto_numberer_column_name":null,"commited":true,"default_value":null,"length":256,"release":"11","app":"MyMagoStudio","mod":"Tools","am_ctx_name":"CSTName1","type":"Column"}],"type":"Table","table_type":"Master","release":"11","app":"MyMagoStudio","mod":"Tools","am_ctx_name":"CSTName1","slave_buffered":false,"relation":null,"commited":true,"foreign_keys":[]},{"is_draft":false,"id":"3fe1e8b7-b11d-45f7-b6a6-00bae7adec5e","name":"TBaseFilter","description":"commit element","items":[{"is_draft":false,"id":"8a4ffede-f8fe-4476-aa16-a0edbf3e8f51","name":"Id","description":"commit element","data_type":null,"origin_type":"Integer","primary_key":true,"local":false,"auto_increment":null,"auto_numberer":null,"auto_numberer_column_name":null,"commited":true,"default_value":null,"length":null,"release":"11","app":"MyMagoStudio","mod":"Tools","am_ctx_name":"CSTName1","type":"Column"},{"is_draft":false,"id":"29f44288-9e40-4318-91d5-0552075c1ac5","name":"All","description":"commit element","data_type":null,"origin_type":"Boolean","primary_key":false,"local":true,"auto_increment":null,"auto_numberer":null,"auto_numberer_column_name":null,"commited":true,"default_value":"1","length":null,"release":"11","app":"MyMagoStudio","mod":"Tools","am_ctx_name":"CSTName1","type":"Column"},{"is_draft":false,"id":"4c53c1b3-0db5-4664-9e6e-785f3923839e","name":"Select","description":"commit element","data_type":null,"origin_type":"Boolean","primary_key":false,"local":true,"auto_increment":null,"auto_numberer":null,"auto_numberer_column_name":null,"commited":true,"default_value":null,"length":null,"release":"11","app":"MyMagoStudio","mod":"Tools","am_ctx_name":"CSTName1","type":"Column"},{"is_draft":false,"id":"13e741be-b87e-4772-b191-b4964147ea55","name":"FromItem","description":"commit element","data_type":null,"origin_type":"String","primary_key":false,"local":true,"auto_increment":null,"auto_numberer":null,"auto_numberer_column_name":null,"commited":true,"default_value":null,"length":21,"release":"11","app":"MyMagoStudio","mod":"Tools","am_ctx_name":"CSTName1","type":"Column"},{"is_draft":false,"id":"f80f1777-645a-4829-b4c6-b9368a127b79","name":"ToItem","description":"commit element","data_type":null,"origin_type":"String","primary_key":false,"local":true,"auto_increment":null,"auto_numberer":null,"auto_numberer_column_name":null,"commited":true,"default_value":null,"length":21,"release":"11","app":"MyMagoStudio","mod":"Tools","am_ctx_name":"CSTName1","type":"Column"}],"type":"Table","table_type":"Master","release":"11","app":"MyMagoStudio","mod":"Tools","am_ctx_name":"CSTName1","slave_buffered":false,"relation":null,"commited":true,"foreign_keys":[]},{"is_draft":false,"id":"feee8a20-3661-46bf-9c13-a234d519bf45","name":"TFilterDate","description":"commit element","items":[{"is_draft":false,"id":"6a6d1a67-511a-4078-b23c-0ba6656053d1","name":"Id","description":"commit element","data_type":null,"origin_type":"Integer","primary_key":true,"local":null,"auto_increment":null,"auto_numberer":null,"auto_numberer_column_name":null,"commited":true,"default_value":null,"length":null,"release":"11","app":"MyMagoStudio","mod":"Tools","am_ctx_name":"CSTName1","type":"Column"},{"is_draft":false,"id":"d460f568-f6ee-48fb-82ba-9de009917ed7","name":"FromDate","description":"commit element","data_type":null,"origin_type":"Date","primary_key":false,"local":true,"auto_increment":null,"auto_numberer":null,"auto_numberer_column_name":null,"commited":true,"default_value":null,"length":null,"release":"11","app":"MyMagoStudio","mod":"Tools","am_ctx_name":"CSTName1","type":"Column"},{"is_draft":false,"id":"8c34534d-b78a-420d-8f4b-abf8efc35d79","name":"ToDate","description":"commit element","data_type":null,"origin_type":"Date","primary_key":false,"local":true,"auto_increment":null,"auto_numberer":null,"auto_numberer_column_name":null,"commited":true,"default_value":null,"length":null,"release":"11","app":"MyMagoStudio","mod":"Tools","am_ctx_name":"CSTName1","type":"Column"}],"type":"Table","table_type":"Slave","release":"11","app":"MyMagoStudio","mod":"Tools","am_ctx_name":"CSTName1","slave_buffered":false,"relation":null,"commited":true,"foreign_keys":[{"name":"FK_FIlter_FilterDate","on":"TBaseFilter","pk_segments":"Id","fk_segments":"Id"}]},{"is_draft":false,"id":"96cbb50e-f691-4f27-9d6d-d8999e2d6380","name":"TFilterBOM","description":"commit element","items":[{"is_draft":false,"id":"a3cc5277-934f-4d3e-b9dd-c5bb15f508ac","name":"Id","description":"commit element","data_type":null,"origin_type":"Integer","primary_key":true,"local":null,"auto_increment":null,"auto_numberer":null,"auto_numberer_column_name":null,"commited":true,"default_value":null,"length":null,"release":"11","app":"MyMagoStudio","mod":"Tools","am_ctx_name":"CSTName1","type":"Column"},{"is_draft":false,"id":"99b56e02-c3f1-40e8-995b-6eaecad97db6","name":"FromBOM","description":"commit element","data_type":null,"origin_type":"String","primary_key":false,"local":null,"auto_increment":null,"auto_numberer":null,"auto_numberer_column_name":null,"commited":true,"default_value":null,"length":21,"release":"11","app":"MyMagoStudio","mod":"Tools","am_ctx_name":"CSTName1","type":"Column"},{"is_draft":false,"id":"a1442e9d-7617-4964-bcba-31bc3fef96e4","name":"ToBOM","description":"commit element","data_type":null,"origin_type":"String","primary_key":false,"local":null,"auto_increment":null,"auto_numberer":null,"auto_numberer_column_name":null,"commited":true,"default_value":null,"length":21,"release":"11","app":"MyMagoStudio","mod":"Tools","am_ctx_name":"CSTName1","type":"Column"},{"is_draft":false,"id":"1d2cc5f4-68b9-4063-a688-0a8aa3f1dbb9","name":"All","description":"commit element","data_type":null,"origin_type":"Boolean","primary_key":false,"local":true,"auto_increment":null,"auto_numberer":null,"auto_numberer_column_name":null,"commited":true,"default_value":"1","length":null,"release":"11","app":"MyMagoStudio","mod":"Tools","am_ctx_name":"CSTName1","type":"Column"},{"is_draft":false,"id":"302cc862-cd77-4ec3-9677-4abf794571f9","name":"Select","description":"commit element","data_type":null,"origin_type":"Boolean","primary_key":false,"local":true,"auto_increment":null,"auto_numberer":null,"auto_numberer_column_name":null,"commited":true,"default_value":null,"length":null,"release":"11","app":"MyMagoStudio","mod":"Tools","am_ctx_name":"CSTName1","type":"Column"}],"type":"Table","table_type":"Slave","release":"11","app":"MyMagoStudio","mod":"Tools","am_ctx_name":"CSTName1","slave_buffered":false,"relation":null,"commited":true,"foreign_keys":[{"name":"FK_FilterBase_FilterBOM","on":"TBaseFilter","pk_segments":"Id","fk_segments":"Id"}]},{"is_draft":false,"id":"cd527bea-3e67-4e61-bcf9-86927feed2eb","name":"TDetails","description":"commit element","items":[{"is_draft":false,"id":"a2fbccef-818b-41a7-b4c1-94517d936d3e","name":"ContractCode","description":"commit element","data_type":null,"origin_type":"String","primary_key":true,"local":null,"auto_increment":null,"auto_numberer":null,"auto_numberer_column_name":null,"commited":true,"default_value":null,"length":4,"release":"11","app":"MyMagoStudio","mod":"Tools","am_ctx_name":"CSTName1","type":"Column"},{"is_draft":false,"id":"30937873-0c7d-4d76-9ee1-15c30941720b","name":"Row","description":"commit element","data_type":null,"origin_type":"Integer","primary_key":true,"local":null,"auto_increment":null,"auto_numberer":2,"auto_numberer_column_name":null,"commited":true,"default_value":null,"length":null,"release":"11","app":"MyMagoStudio","mod":"Tools","am_ctx_name":"CSTName1","type":"Column"},{"is_draft":false,"id":"5e901e71-ec16-4e3d-b47e-e646e589bb7d","name":"Description","description":"commit element","data_type":null,"origin_type":"String","primary_key":false,"local":null,"auto_increment":null,"auto_numberer":null,"auto_numberer_column_name":null,"commited":true,"default_value":null,"length":32,"release":"11","app":"MyMagoStudio","mod":"Tools","am_ctx_name":"CSTName1","type":"Column"},{"is_draft":false,"id":"d0098b89-b4c6-4a33-a75b-8b45d3be5ea1","name":"ActivationDate","description":"commit element","data_type":null,"origin_type":"Integer","primary_key":false,"local":null,"auto_increment":null,"auto_numberer":null,"auto_numberer_column_name":null,"commited":true,"default_value":null,"length":null,"release":"11","app":"MyMagoStudio","mod":"Tools","am_ctx_name":"CSTName1","type":"Column"},{"is_draft":false,"id":"9274c1ac-d105-4599-a4b7-a07500f50e89","name":"Valid","description":"commit element","data_type":null,"origin_type":"Boolean","primary_key":false,"local":null,"auto_increment":null,"auto_numberer":null,"auto_numberer_column_name":null,"commited":true,"default_value":"1","length":null,"release":"11","app":"MyMagoStudio","mod":"Tools","am_ctx_name":"CSTName1","type":"Column"},{"is_draft":false,"id":"710ed057-cfa5-46b8-96bf-61714fa3cd8d","name":"DateActivation","description":"commit element","data_type":null,"origin_type":"Date","primary_key":false,"local":null,"auto_increment":null,"auto_numberer":null,"auto_numberer_column_name":null,"commited":true,"default_value":null,"length":null,"release":"11","app":"MyMagoStudio","mod":"Tools","am_ctx_name":"CSTName1","type":"Column"},{"is_draft":true,"id":"9371515","name":"AuxDescription","description":null,"data_type":null,"origin_type":"String","primary_key":false,"local":true,"auto_increment":null,"auto_numberer":null,"auto_numberer_column_name":null,"commited":true,"default_value":null,"length":256,"release":"","app":"MyMagoStudio","mod":"Tools","am_ctx_name":"CSTName1","type":"Column"}],"type":"Table","table_type":"Slave","release":"11","app":"MyMagoStudio","mod":"Tools","am_ctx_name":"CSTName1","slave_buffered":true,"relation":null,"commited":true,"foreign_keys":[{"name":"FK_TMASTER_TDETAILS","on":"TMaster","pk_segments":"ContractCode","fk_segments":"ContractCode"}]}],"type":"Module"},{"id":"9e78af84-564d-4ace-8800-6971149814df","name":"ERP.BillOfMaterials","items":[{"is_draft":false,"id":"19640bad-c494-4106-85f4-8de5d02289c2","name":"MA_BillOfMaterials_Extended","description":"commit element","items":[{"is_draft":false,"id":"e442e00c-379c-4b01-b9db-90b842f003fe","name":"BOM","description":"commit element","data_type":"string","origin_type":"String","primary_key":true,"local":null,"auto_increment":null,"auto_numberer":null,"auto_numberer_column_name":null,"commited":true,"default_value":"('')","length":21,"release":"11","app":"MyMagoStudio","mod":"Tools","am_ctx_name":"CSTName1","type":"Column"},{"is_draft":false,"id":"fc7b4477-0cd9-46f0-9b65-ce9e4db050e4","name":"Selected","description":"commit element","data_type":null,"origin_type":"Boolean","primary_key":false,"local":null,"auto_increment":null,"auto_numberer":null,"auto_numberer_column_name":null,"commited":true,"default_value":"1","length":null,"release":"11","app":"MyMagoStudio","mod":"Tools","am_ctx_name":"CSTName1","type":"Column"},{"is_draft":false,"id":"8cbaa80f-938d-4d11-9ae1-d01f5fee11e8","name":"ActivatedDate","description":"commit element","data_type":null,"origin_type":"Date","primary_key":false,"local":null,"auto_increment":null,"auto_numberer":null,"auto_numberer_column_name":null,"commited":true,"default_value":"10/11/2021","length":null,"release":"11","app":"MyMagoStudio","mod":"Tools","am_ctx_name":"CSTName1","type":"Column"}],"type":"Table","table_type":"Slave","release":"11","app":"MyMagoStudio","mod":"Tools","am_ctx_name":"CSTName1","slave_buffered":false,"relation":"MA_BillOfMaterials","commited":true,"foreign_keys":[{"name":"FK_MA_BillOfMaterials_MA_BillOfMaterials_Extended","on":"MA_BillOfMaterials","pk_segments":"BOM","fk_segments":"BOM"}]}],"type":"Module"},{"id":"f9737982-e00e-49ce-88a3-eb8ca9c588ae","name":"ERP.Company","items":[{"is_draft":false,"id":"dc6eb7e4-f80b-42c5-8c30-2fcb19663d16","name":"MA_ContractCodes_Extended","description":"commit element","items":[{"is_draft":false,"id":"027de6f2-499b-4950-a517-f0df5e42fec9","name":"ContractCode","description":"commit element","data_type":"string","origin_type":"String","primary_key":true,"local":null,"auto_increment":null,"auto_numberer":null,"auto_numberer_column_name":null,"commited":true,"default_value":"('')","length":15,"release":"11","app":"MyMagoStudio","mod":"Tools","am_ctx_name":"CSTName1","type":"Column"},{"is_draft":false,"id":"b903a30d-10d4-48c5-9f30-7d78633df6e1","name":"DescriptionExt","description":"commit element","data_type":null,"origin_type":"String","primary_key":false,"local":null,"auto_increment":null,"auto_numberer":null,"auto_numberer_column_name":null,"commited":true,"default_value":null,"length":256,"release":"11","app":"MyMagoStudio","mod":"Tools","am_ctx_name":"CSTName1","type":"Column"},{"is_draft":false,"id":"f483a2bd-182b-4763-bf81-bf3ce7998d74","name":"NotesExt","description":"commit element","data_type":null,"origin_type":"String","primary_key":false,"local":null,"auto_increment":null,"auto_numberer":null,"auto_numberer_column_name":null,"commited":true,"default_value":null,"length":256,"release":"11","app":"MyMagoStudio","mod":"Tools","am_ctx_name":"CSTName1","type":"Column"}],"type":"Table","table_type":"Slave","release":"11","app":"MyMagoStudio","mod":"Tools","am_ctx_name":"CSTName1","slave_buffered":false,"relation":"MA_ContractCodes","commited":true,"foreign_keys":[{"name":"FK_MA_ContractCodes_MA_ContractCodes_Extended","on":"MA_ContractCodes","pk_segments":"ContractCode","fk_segments":"ContractCode"}]}],"type":"Module"},{"id":"58278dde-f2f3-4a36-aa58-2e5e6d440162","name":"ERP.Currencies","items":[{"is_draft":false,"id":"3ba805cb-81fd-4b98-b503-da2e37ffc22b","name":"MA_CurrenciesFixing_Extended","description":"commit element","items":[{"is_draft":false,"id":"e320644e-f37b-4bbd-b1fb-a4240415deb0","name":"Currency","description":"commit element","data_type":"string","origin_type":"String","primary_key":true,"local":null,"auto_increment":null,"auto_numberer":null,"auto_numberer_column_name":null,"commited":true,"default_value":"('')","length":8,"release":"11","app":"MyMagoStudio","mod":"Tools","am_ctx_name":"CSTName1","type":"Column"},{"is_draft":false,"id":"e8c45632-5b24-4dcd-babf-5eaae2d22773","name":"ReferredCurrency","description":"commit element","data_type":"string","origin_type":"String","primary_key":true,"local":null,"auto_increment":null,"auto_numberer":null,"auto_numberer_column_name":null,"commited":true,"default_value":"('')","length":8,"release":"11","app":"MyMagoStudio","mod":"Tools","am_ctx_name":"CSTName1","type":"Column"},{"is_draft":false,"id":"9f76d930-6e4c-45cf-850a-c9a55307f4b2","name":"FixingDate","description":"commit element","data_type":"DateTime","origin_type":"Date","primary_key":true,"local":null,"auto_increment":null,"auto_numberer":null,"auto_numberer_column_name":null,"commited":true,"default_value":"('1799-12-31T00:00:00')","length":null,"release":"11","app":"MyMagoStudio","mod":"Tools","am_ctx_name":"CSTName1","type":"Column"},{"is_draft":false,"id":"30fe8c8f-ceb8-4f76-99a6-6183c4e98104","name":"DescriptionExt","description":"commit element","data_type":null,"origin_type":"String","primary_key":false,"local":null,"auto_increment":null,"auto_numberer":null,"auto_numberer_column_name":null,"commited":true,"default_value":null,"length":64,"release":"11","app":"MyMagoStudio","mod":"Tools","am_ctx_name":"CSTName1","type":"Column"},{"is_draft":false,"id":"dabf8af5-6f80-427e-8aff-140a84e26b2d","name":"NotesExt","description":"commit element","data_type":null,"origin_type":"String","primary_key":false,"local":null,"auto_increment":null,"auto_numberer":null,"auto_numberer_column_name":null,"commited":true,"default_value":null,"length":64,"release":"11","app":"MyMagoStudio","mod":"Tools","am_ctx_name":"CSTName1","type":"Column"}],"type":"Table","table_type":"Slave","release":"11","app":"MyMagoStudio","mod":"Tools","am_ctx_name":"CSTName1","slave_buffered":false,"relation":"MA_CurrenciesFixing","commited":true,"foreign_keys":[{"name":"FK_MA_CurrenciesFixing_MA_CurrenciesFixing_Extended","on":"MA_CurrenciesFixing","pk_segments":"Currency, ReferredCurrency, FixingDate","fk_segments":"Currency, ReferredCurrency, FixingDate"}]}],"type":"Module"}],"version_draft":1,"version_commit":12,"owner":"CST_00001"}