{"global_structures":[{"namespace_data":"Extensions.TbDMS","ef_core_plus_app_mod":"Extensions.TbDMS","app_db_signature":null,"ef_schema_structure":null,"ef_add_on_schemas_structure":[{"item1":"Extensions.TbDMS","item2":{"complete_tables":[{"alter_table":null,"has_pk":false,"namespace":null,"localize":null,"dynamic":"{\"slaveBuffered\":false,\"relation\":null,\"commited\":true}","master_table":true,"create":{"create_step":null,"release":"12"},"documentation_info":{"text":"commit element","read_only":false,"mandatory":false,"localizable":false},"ef_core_plus_app_mod":"EFCore.MyMagoStudio.Tools","name_no_under_score":null,"name_under_score":"TMaster","special":false,"derivation":null,"has_columns":false,"declared_namespace":null,"pk_value_generated_never":null,"navigation_property":null,"external_ns":null,"variables":[],"columns":[{"schema_info":{"type":null,"origin_type":"String","name":"ContractCode","localizable":false,"default_value_origin_type":null,"sql_server_type":null,"default_value_sql_server":null,"post_gres_type":null,"default_value_post_gres":null,"has_max_length":null,"has_is_required":null,"identity_column":"{\"local\":null,\"autoIncrement\":null,\"autoNumberer\":null,\"autoNumbererColumnName\":null,\"commited\":true}","enum_name":null,"length":"4","has_sql_server_type":false,"has_post_gres_type":false,"seed":0},"documentation_info":{"text":"commit element","read_only":false,"mandatory":false,"localizable":false}},{"schema_info":{"type":null,"origin_type":"String","name":"Description","localizable":false,"default_value_origin_type":null,"sql_server_type":null,"default_value_sql_server":null,"post_gres_type":null,"default_value_post_gres":null,"has_max_length":null,"has_is_required":null,"identity_column":"{\"local\":null,\"autoIncrement\":null,\"autoNumberer\":null,\"autoNumbererColumnName\":null,\"commited\":true}","enum_name":null,"length":"64","has_sql_server_type":false,"has_post_gres_type":false,"seed":0},"documentation_info":{"text":"commit element","read_only":false,"mandatory":false,"localizable":false}},{"schema_info":{"type":null,"origin_type":"String","name":"Notes","localizable":false,"default_value_origin_type":null,"sql_server_type":null,"default_value_sql_server":null,"post_gres_type":null,"default_value_post_gres":null,"has_max_length":null,"has_is_required":null,"identity_column":"{\"local\":null,\"autoIncrement\":null,\"autoNumberer\":null,\"autoNumbererColumnName\":null,\"commited\":true}","enum_name":null,"length":"128","has_sql_server_type":false,"has_post_gres_type":false,"seed":0},"documentation_info":{"text":"commit element","read_only":false,"mandatory":false,"localizable":false}},{"schema_info":{"type":null,"origin_type":"Boolean","name":"Disabled","localizable":false,"default_value_origin_type":null,"sql_server_type":null,"default_value_sql_server":null,"post_gres_type":null,"default_value_post_gres":null,"has_max_length":null,"has_is_required":null,"identity_column":"{\"local\":null,\"autoIncrement\":null,\"autoNumberer\":null,\"autoNumbererColumnName\":null,\"commited\":true}","enum_name":null,"length":null,"has_sql_server_type":false,"has_post_gres_type":false,"seed":0},"documentation_info":{"text":"commit element","read_only":false,"mandatory":false,"localizable":false}},{"schema_info":{"type":null,"origin_type":"String","name":"AuxNotes","localizable":false,"default_value_origin_type":null,"sql_server_type":null,"default_value_sql_server":null,"post_gres_type":null,"default_value_post_gres":null,"has_max_length":null,"has_is_required":null,"identity_column":"{\"local\":null,\"autoIncrement\":null,\"autoNumberer\":null,\"autoNumbererColumnName\":null,\"commited\":true}","enum_name":null,"length":"256","has_sql_server_type":false,"has_post_gres_type":false,"seed":0},"documentation_info":{"text":"commit element","read_only":false,"mandatory":false,"localizable":false}},{"schema_info":{"type":null,"origin_type":"String","name":"LocalAuxNotes","localizable":false,"default_value_origin_type":null,"sql_server_type":null,"default_value_sql_server":null,"post_gres_type":null,"default_value_post_gres":null,"has_max_length":null,"has_is_required":null,"identity_column":"{\"local\":true,\"autoIncrement\":null,\"autoNumberer\":null,\"autoNumbererColumnName\":null,\"commited\":true}","enum_name":null,"length":"256","has_sql_server_type":false,"has_post_gres_type":false,"seed":0},"documentation_info":{"text":"commit element","read_only":false,"mandatory":false,"localizable":false}}],"primary_key":{"name":null,"clustered":null,"single_or_multi":null,"segments":"ContractCode"},"foreign_keys":[],"indexes":[],"sql_server_queries":[],"postgres_queries":[],"has_sql_server_queries":false,"has_postgres_queries":false,"sql_server_ifexist_queries":[],"has_sql_server_ifexist_queries":false,"postgres_ifexist_queries":[],"has_postgres_ifexist_queries":false},{"alter_table":null,"has_pk":false,"namespace":null,"localize":null,"dynamic":"{\"slaveBuffered\":false,\"relation\":null,\"commited\":true}","master_table":true,"create":{"create_step":null,"release":"12"},"documentation_info":{"text":"commit element","read_only":false,"mandatory":false,"localizable":false},"ef_core_plus_app_mod":"EFCore.MyMagoStudio.Tools","name_no_under_score":null,"name_under_score":"TBaseFilter","special":false,"derivation":null,"has_columns":false,"declared_namespace":null,"pk_value_generated_never":null,"navigation_property":null,"external_ns":null,"variables":[],"columns":[{"schema_info":{"type":null,"origin_type":"Integer","name":"Id","localizable":false,"default_value_origin_type":null,"sql_server_type":null,"default_value_sql_server":null,"post_gres_type":null,"default_value_post_gres":null,"has_max_length":null,"has_is_required":null,"identity_column":"{\"local\":false,\"autoIncrement\":null,\"autoNumberer\":null,\"autoNumbererColumnName\":null,\"commited\":true}","enum_name":null,"length":null,"has_sql_server_type":false,"has_post_gres_type":false,"seed":0},"documentation_info":{"text":"commit element","read_only":false,"mandatory":false,"localizable":false}},{"schema_info":{"type":null,"origin_type":"Boolean","name":"All","localizable":false,"default_value_origin_type":"1","sql_server_type":null,"default_value_sql_server":"1","post_gres_type":null,"default_value_post_gres":"1","has_max_length":null,"has_is_required":null,"identity_column":"{\"local\":true,\"autoIncrement\":null,\"autoNumberer\":null,\"autoNumbererColumnName\":null,\"commited\":true}","enum_name":null,"length":null,"has_sql_server_type":false,"has_post_gres_type":false,"seed":0},"documentation_info":{"text":"commit element","read_only":false,"mandatory":false,"localizable":false}},{"schema_info":{"type":null,"origin_type":"Boolean","name":"Select","localizable":false,"default_value_origin_type":null,"sql_server_type":null,"default_value_sql_server":null,"post_gres_type":null,"default_value_post_gres":null,"has_max_length":null,"has_is_required":null,"identity_column":"{\"local\":true,\"autoIncrement\":null,\"autoNumberer\":null,\"autoNumbererColumnName\":null,\"commited\":true}","enum_name":null,"length":null,"has_sql_server_type":false,"has_post_gres_type":false,"seed":0},"documentation_info":{"text":"commit element","read_only":false,"mandatory":false,"localizable":false}},{"schema_info":{"type":null,"origin_type":"String","name":"FromItem","localizable":false,"default_value_origin_type":null,"sql_server_type":null,"default_value_sql_server":null,"post_gres_type":null,"default_value_post_gres":null,"has_max_length":null,"has_is_required":null,"identity_column":"{\"local\":true,\"autoIncrement\":null,\"autoNumberer\":null,\"autoNumbererColumnName\":null,\"commited\":true}","enum_name":null,"length":"21","has_sql_server_type":false,"has_post_gres_type":false,"seed":0},"documentation_info":{"text":"commit element","read_only":false,"mandatory":false,"localizable":false}},{"schema_info":{"type":null,"origin_type":"String","name":"ToItem","localizable":false,"default_value_origin_type":null,"sql_server_type":null,"default_value_sql_server":null,"post_gres_type":null,"default_value_post_gres":null,"has_max_length":null,"has_is_required":null,"identity_column":"{\"local\":true,\"autoIncrement\":null,\"autoNumberer\":null,\"autoNumbererColumnName\":null,\"commited\":true}","enum_name":null,"length":"21","has_sql_server_type":false,"has_post_gres_type":false,"seed":0},"documentation_info":{"text":"commit element","read_only":false,"mandatory":false,"localizable":false}}],"primary_key":{"name":null,"clustered":null,"single_or_multi":null,"segments":"Id"},"foreign_keys":[],"indexes":[],"sql_server_queries":[],"postgres_queries":[],"has_sql_server_queries":false,"has_postgres_queries":false,"sql_server_ifexist_queries":[],"has_sql_server_ifexist_queries":false,"postgres_ifexist_queries":[],"has_postgres_ifexist_queries":false},{"alter_table":null,"has_pk":false,"namespace":null,"localize":null,"dynamic":"{\"slaveBuffered\":false,\"relation\":null,\"commited\":true}","master_table":false,"create":{"create_step":null,"release":"12"},"documentation_info":{"text":"commit element","read_only":false,"mandatory":false,"localizable":false},"ef_core_plus_app_mod":"EFCore.MyMagoStudio.Tools","name_no_under_score":null,"name_under_score":"TFilterDate","special":false,"derivation":null,"has_columns":false,"declared_namespace":null,"pk_value_generated_never":null,"navigation_property":null,"external_ns":null,"variables":[],"columns":[{"schema_info":{"type":null,"origin_type":"Integer","name":"Id","localizable":false,"default_value_origin_type":null,"sql_server_type":null,"default_value_sql_server":null,"post_gres_type":null,"default_value_post_gres":null,"has_max_length":null,"has_is_required":null,"identity_column":"{\"local\":null,\"autoIncrement\":null,\"autoNumberer\":null,\"autoNumbererColumnName\":null,\"commited\":true}","enum_name":null,"length":null,"has_sql_server_type":false,"has_post_gres_type":false,"seed":0},"documentation_info":{"text":"commit element","read_only":false,"mandatory":false,"localizable":false}},{"schema_info":{"type":null,"origin_type":"Date","name":"FromDate","localizable":false,"default_value_origin_type":null,"sql_server_type":null,"default_value_sql_server":null,"post_gres_type":null,"default_value_post_gres":null,"has_max_length":null,"has_is_required":null,"identity_column":"{\"local\":true,\"autoIncrement\":null,\"autoNumberer\":null,\"autoNumbererColumnName\":null,\"commited\":true}","enum_name":null,"length":null,"has_sql_server_type":false,"has_post_gres_type":false,"seed":0},"documentation_info":{"text":"commit element","read_only":false,"mandatory":false,"localizable":false}},{"schema_info":{"type":null,"origin_type":"Date","name":"ToDate","localizable":false,"default_value_origin_type":null,"sql_server_type":null,"default_value_sql_server":null,"post_gres_type":null,"default_value_post_gres":null,"has_max_length":null,"has_is_required":null,"identity_column":"{\"local\":true,\"autoIncrement\":null,\"autoNumberer\":null,\"autoNumbererColumnName\":null,\"commited\":true}","enum_name":null,"length":null,"has_sql_server_type":false,"has_post_gres_type":false,"seed":0},"documentation_info":{"text":"commit element","read_only":false,"mandatory":false,"localizable":false}}],"primary_key":{"name":null,"clustered":null,"single_or_multi":null,"segments":"Id"},"foreign_keys":[{"name":"FK_FIlter_FilterDate","on":"TBaseFilter","on_ns":null,"fk_segments":"Id","pk_segments":"Id","relation":null,"relation_db_context":null,"single_or_multi":null}],"indexes":[],"sql_server_queries":[],"postgres_queries":[],"has_sql_server_queries":false,"has_postgres_queries":false,"sql_server_ifexist_queries":[],"has_sql_server_ifexist_queries":false,"postgres_ifexist_queries":[],"has_postgres_ifexist_queries":false},{"alter_table":null,"has_pk":false,"namespace":null,"localize":null,"dynamic":"{\"slaveBuffered\":false,\"relation\":null,\"commited\":true}","master_table":false,"create":{"create_step":null,"release":"12"},"documentation_info":{"text":"commit element","read_only":false,"mandatory":false,"localizable":false},"ef_core_plus_app_mod":"EFCore.MyMagoStudio.Tools","name_no_under_score":null,"name_under_score":"TFilterBOM","special":false,"derivation":null,"has_columns":false,"declared_namespace":null,"pk_value_generated_never":null,"navigation_property":null,"external_ns":null,"variables":[],"columns":[{"schema_info":{"type":null,"origin_type":"Integer","name":"Id","localizable":false,"default_value_origin_type":null,"sql_server_type":null,"default_value_sql_server":null,"post_gres_type":null,"default_value_post_gres":null,"has_max_length":null,"has_is_required":null,"identity_column":"{\"local\":null,\"autoIncrement\":null,\"autoNumberer\":null,\"autoNumbererColumnName\":null,\"commited\":true}","enum_name":null,"length":null,"has_sql_server_type":false,"has_post_gres_type":false,"seed":0},"documentation_info":{"text":"commit element","read_only":false,"mandatory":false,"localizable":false}},{"schema_info":{"type":null,"origin_type":"String","name":"FromBOM","localizable":false,"default_value_origin_type":null,"sql_server_type":null,"default_value_sql_server":null,"post_gres_type":null,"default_value_post_gres":null,"has_max_length":null,"has_is_required":null,"identity_column":"{\"local\":null,\"autoIncrement\":null,\"autoNumberer\":null,\"autoNumbererColumnName\":null,\"commited\":true}","enum_name":null,"length":"21","has_sql_server_type":false,"has_post_gres_type":false,"seed":0},"documentation_info":{"text":"commit element","read_only":false,"mandatory":false,"localizable":false}},{"schema_info":{"type":null,"origin_type":"String","name":"ToBOM","localizable":false,"default_value_origin_type":null,"sql_server_type":null,"default_value_sql_server":null,"post_gres_type":null,"default_value_post_gres":null,"has_max_length":null,"has_is_required":null,"identity_column":"{\"local\":null,\"autoIncrement\":null,\"autoNumberer\":null,\"autoNumbererColumnName\":null,\"commited\":true}","enum_name":null,"length":"21","has_sql_server_type":false,"has_post_gres_type":false,"seed":0},"documentation_info":{"text":"commit element","read_only":false,"mandatory":false,"localizable":false}},{"schema_info":{"type":null,"origin_type":"Boolean","name":"All","localizable":false,"default_value_origin_type":"1","sql_server_type":null,"default_value_sql_server":"1","post_gres_type":null,"default_value_post_gres":"1","has_max_length":null,"has_is_required":null,"identity_column":"{\"local\":true,\"autoIncrement\":null,\"autoNumberer\":null,\"autoNumbererColumnName\":null,\"commited\":true}","enum_name":null,"length":null,"has_sql_server_type":false,"has_post_gres_type":false,"seed":0},"documentation_info":{"text":"commit element","read_only":false,"mandatory":false,"localizable":false}},{"schema_info":{"type":null,"origin_type":"Boolean","name":"Select","localizable":false,"default_value_origin_type":null,"sql_server_type":null,"default_value_sql_server":null,"post_gres_type":null,"default_value_post_gres":null,"has_max_length":null,"has_is_required":null,"identity_column":"{\"local\":true,\"autoIncrement\":null,\"autoNumberer\":null,\"autoNumbererColumnName\":null,\"commited\":true}","enum_name":null,"length":null,"has_sql_server_type":false,"has_post_gres_type":false,"seed":0},"documentation_info":{"text":"commit element","read_only":false,"mandatory":false,"localizable":false}}],"primary_key":{"name":null,"clustered":null,"single_or_multi":null,"segments":"Id"},"foreign_keys":[{"name":"FK_FilterBase_FilterBOM","on":"TBaseFilter","on_ns":null,"fk_segments":"Id","pk_segments":"Id","relation":null,"relation_db_context":null,"single_or_multi":null}],"indexes":[],"sql_server_queries":[],"postgres_queries":[],"has_sql_server_queries":false,"has_postgres_queries":false,"sql_server_ifexist_queries":[],"has_sql_server_ifexist_queries":false,"postgres_ifexist_queries":[],"has_postgres_ifexist_queries":false},{"alter_table":null,"has_pk":false,"namespace":null,"localize":null,"dynamic":"{\"slaveBuffered\":true,\"relation\":null,\"commited\":true}","master_table":false,"create":{"create_step":null,"release":"12"},"documentation_info":{"text":"commit element","read_only":false,"mandatory":false,"localizable":false},"ef_core_plus_app_mod":"EFCore.MyMagoStudio.Tools","name_no_under_score":null,"name_under_score":"TDetails","special":false,"derivation":null,"has_columns":false,"declared_namespace":null,"pk_value_generated_never":null,"navigation_property":null,"external_ns":null,"variables":[],"columns":[{"schema_info":{"type":null,"origin_type":"String","name":"ContractCode","localizable":false,"default_value_origin_type":null,"sql_server_type":null,"default_value_sql_server":null,"post_gres_type":null,"default_value_post_gres":null,"has_max_length":null,"has_is_required":null,"identity_column":"{\"local\":null,\"autoIncrement\":null,\"autoNumberer\":null,\"autoNumbererColumnName\":null,\"commited\":true}","enum_name":null,"length":"4","has_sql_server_type":false,"has_post_gres_type":false,"seed":0},"documentation_info":{"text":"commit element","read_only":false,"mandatory":false,"localizable":false}},{"schema_info":{"type":null,"origin_type":"Integer","name":"Row","localizable":false,"default_value_origin_type":null,"sql_server_type":null,"default_value_sql_server":null,"post_gres_type":null,"default_value_post_gres":null,"has_max_length":null,"has_is_required":null,"identity_column":"{\"local\":null,\"autoIncrement\":null,\"autoNumberer\":2,\"autoNumbererColumnName\":null,\"commited\":true}","enum_name":null,"length":null,"has_sql_server_type":false,"has_post_gres_type":false,"seed":0},"documentation_info":{"text":"commit element","read_only":false,"mandatory":false,"localizable":false}},{"schema_info":{"type":null,"origin_type":"String","name":"Description","localizable":false,"default_value_origin_type":null,"sql_server_type":null,"default_value_sql_server":null,"post_gres_type":null,"default_value_post_gres":null,"has_max_length":null,"has_is_required":null,"identity_column":"{\"local\":null,\"autoIncrement\":null,\"autoNumberer\":null,\"autoNumbererColumnName\":null,\"commited\":true}","enum_name":null,"length":"32","has_sql_server_type":false,"has_post_gres_type":false,"seed":0},"documentation_info":{"text":"commit element","read_only":false,"mandatory":false,"localizable":false}},{"schema_info":{"type":null,"origin_type":"Integer","name":"ActivationDate","localizable":false,"default_value_origin_type":null,"sql_server_type":null,"default_value_sql_server":null,"post_gres_type":null,"default_value_post_gres":null,"has_max_length":null,"has_is_required":null,"identity_column":"{\"local\":null,\"autoIncrement\":null,\"autoNumberer\":null,\"autoNumbererColumnName\":null,\"commited\":true}","enum_name":null,"length":null,"has_sql_server_type":false,"has_post_gres_type":false,"seed":0},"documentation_info":{"text":"commit element","read_only":false,"mandatory":false,"localizable":false}},{"schema_info":{"type":null,"origin_type":"Boolean","name":"Valid","localizable":false,"default_value_origin_type":"1","sql_server_type":null,"default_value_sql_server":"1","post_gres_type":null,"default_value_post_gres":"1","has_max_length":null,"has_is_required":null,"identity_column":"{\"local\":null,\"autoIncrement\":null,\"autoNumberer\":null,\"autoNumbererColumnName\":null,\"commited\":true}","enum_name":null,"length":null,"has_sql_server_type":false,"has_post_gres_type":false,"seed":0},"documentation_info":{"text":"commit element","read_only":false,"mandatory":false,"localizable":false}},{"schema_info":{"type":null,"origin_type":"Date","name":"DateActivation","localizable":false,"default_value_origin_type":null,"sql_server_type":null,"default_value_sql_server":null,"post_gres_type":null,"default_value_post_gres":null,"has_max_length":null,"has_is_required":null,"identity_column":"{\"local\":null,\"autoIncrement\":null,\"autoNumberer\":null,\"autoNumbererColumnName\":null,\"commited\":true}","enum_name":null,"length":null,"has_sql_server_type":false,"has_post_gres_type":false,"seed":0},"documentation_info":{"text":"commit element","read_only":false,"mandatory":false,"localizable":false}},{"schema_info":{"type":null,"origin_type":"String","name":"AuxDescription","localizable":false,"default_value_origin_type":null,"sql_server_type":null,"default_value_sql_server":null,"post_gres_type":null,"default_value_post_gres":null,"has_max_length":null,"has_is_required":null,"identity_column":"{\"local\":true,\"autoIncrement\":null,\"autoNumberer\":null,\"autoNumbererColumnName\":null,\"commited\":true}","enum_name":null,"length":"256","has_sql_server_type":false,"has_post_gres_type":false,"seed":0},"documentation_info":{"text":"commit element","read_only":false,"mandatory":false,"localizable":false}}],"primary_key":{"name":null,"clustered":null,"single_or_multi":null,"segments":"ContractCode, Row"},"foreign_keys":[{"name":"FK_TMASTER_TDETAILS","on":"TMaster","on_ns":null,"fk_segments":"ContractCode","pk_segments":"ContractCode","relation":null,"relation_db_context":null,"single_or_multi":null}],"indexes":[],"sql_server_queries":[],"postgres_queries":[],"has_sql_server_queries":false,"has_postgres_queries":false,"sql_server_ifexist_queries":[],"has_sql_server_ifexist_queries":false,"postgres_ifexist_queries":[],"has_postgres_ifexist_queries":false}],"altered_tables":[],"father_ef_core_plus_app_mod":"Extensions.TbDMS","ef_core_plus_app_mod":null,"add_on_context_name":null,"add_on_file_name":null}}],"query_script_structure":null},{"namespace_data":"ERP.BillOfMaterials","ef_core_plus_app_mod":"ERP.BillOfMaterials","app_db_signature":null,"ef_schema_structure":null,"ef_add_on_schemas_structure":[{"item1":"ERP.BillOfMaterials","item2":{"complete_tables":[{"alter_table":null,"has_pk":false,"namespace":null,"localize":null,"dynamic":"{\"slaveBuffered\":false,\"relation\":\"MA_BillOfMaterials\",\"commited\":true}","master_table":false,"create":{"create_step":null,"release":"12"},"documentation_info":{"text":"commit element","read_only":false,"mandatory":false,"localizable":false},"ef_core_plus_app_mod":"EFCore.MyMagoStudio.Tools","name_no_under_score":null,"name_under_score":"MA_BillOfMaterials_Extended","special":false,"derivation":null,"has_columns":false,"declared_namespace":null,"pk_value_generated_never":null,"navigation_property":null,"external_ns":null,"variables":[],"columns":[{"schema_info":{"type":"string","origin_type":"String","name":"BOM","localizable":false,"default_value_origin_type":"('')","sql_server_type":null,"default_value_sql_server":"('')","post_gres_type":null,"default_value_post_gres":"('')","has_max_length":null,"has_is_required":null,"identity_column":"{\"local\":null,\"autoIncrement\":null,\"autoNumberer\":null,\"autoNumbererColumnName\":null,\"commited\":true}","enum_name":null,"length":"21","has_sql_server_type":false,"has_post_gres_type":false,"seed":0},"documentation_info":{"text":"commit element","read_only":false,"mandatory":false,"localizable":false}},{"schema_info":{"type":null,"origin_type":"Boolean","name":"Selected","localizable":false,"default_value_origin_type":"1","sql_server_type":null,"default_value_sql_server":"1","post_gres_type":null,"default_value_post_gres":"1","has_max_length":null,"has_is_required":null,"identity_column":"{\"local\":null,\"autoIncrement\":null,\"autoNumberer\":null,\"autoNumbererColumnName\":null,\"commited\":true}","enum_name":null,"length":null,"has_sql_server_type":false,"has_post_gres_type":false,"seed":0},"documentation_info":{"text":"commit element","read_only":false,"mandatory":false,"localizable":false}},{"schema_info":{"type":null,"origin_type":"Date","name":"ActivatedDate","localizable":false,"default_value_origin_type":"10/11/2021","sql_server_type":null,"default_value_sql_server":"10/11/2021","post_gres_type":null,"default_value_post_gres":"10/11/2021","has_max_length":null,"has_is_required":null,"identity_column":"{\"local\":null,\"autoIncrement\":null,\"autoNumberer\":null,\"autoNumbererColumnName\":null,\"commited\":true}","enum_name":null,"length":null,"has_sql_server_type":false,"has_post_gres_type":false,"seed":0},"documentation_info":{"text":"commit element","read_only":false,"mandatory":false,"localizable":false}}],"primary_key":{"name":null,"clustered":null,"single_or_multi":null,"segments":"BOM"},"foreign_keys":[{"name":"FK_MA_BillOfMaterials_MA_BillOfMaterials_Extended","on":"MA_BillOfMaterials","on_ns":null,"fk_segments":"BOM","pk_segments":"BOM","relation":null,"relation_db_context":null,"single_or_multi":null}],"indexes":[],"sql_server_queries":[],"postgres_queries":[],"has_sql_server_queries":false,"has_postgres_queries":false,"sql_server_ifexist_queries":[],"has_sql_server_ifexist_queries":false,"postgres_ifexist_queries":[],"has_postgres_ifexist_queries":false}],"altered_tables":[],"father_ef_core_plus_app_mod":"ERP.BillOfMaterials","ef_core_plus_app_mod":null,"add_on_context_name":null,"add_on_file_name":null}}],"query_script_structure":null},{"namespace_data":"ERP.Company","ef_core_plus_app_mod":"ERP.Company","app_db_signature":null,"ef_schema_structure":null,"ef_add_on_schemas_structure":[{"item1":"ERP.Company","item2":{"complete_tables":[{"alter_table":null,"has_pk":false,"namespace":null,"localize":null,"dynamic":"{\"slaveBuffered\":false,\"relation\":\"MA_ContractCodes\",\"commited\":true}","master_table":false,"create":{"create_step":null,"release":"12"},"documentation_info":{"text":"commit element","read_only":false,"mandatory":false,"localizable":false},"ef_core_plus_app_mod":"EFCore.MyMagoStudio.Tools","name_no_under_score":null,"name_under_score":"MA_ContractCodes_Extended","special":false,"derivation":null,"has_columns":false,"declared_namespace":null,"pk_value_generated_never":null,"navigation_property":null,"external_ns":null,"variables":[],"columns":[{"schema_info":{"type":"string","origin_type":"String","name":"ContractCode","localizable":false,"default_value_origin_type":"('')","sql_server_type":null,"default_value_sql_server":"('')","post_gres_type":null,"default_value_post_gres":"('')","has_max_length":null,"has_is_required":null,"identity_column":"{\"local\":null,\"autoIncrement\":null,\"autoNumberer\":null,\"autoNumbererColumnName\":null,\"commited\":true}","enum_name":null,"length":"15","has_sql_server_type":false,"has_post_gres_type":false,"seed":0},"documentation_info":{"text":"commit element","read_only":false,"mandatory":false,"localizable":false}},{"schema_info":{"type":null,"origin_type":"String","name":"DescriptionExt","localizable":false,"default_value_origin_type":null,"sql_server_type":null,"default_value_sql_server":null,"post_gres_type":null,"default_value_post_gres":null,"has_max_length":null,"has_is_required":null,"identity_column":"{\"local\":null,\"autoIncrement\":null,\"autoNumberer\":null,\"autoNumbererColumnName\":null,\"commited\":true}","enum_name":null,"length":"256","has_sql_server_type":false,"has_post_gres_type":false,"seed":0},"documentation_info":{"text":"commit element","read_only":false,"mandatory":false,"localizable":false}},{"schema_info":{"type":null,"origin_type":"String","name":"NotesExt","localizable":false,"default_value_origin_type":null,"sql_server_type":null,"default_value_sql_server":null,"post_gres_type":null,"default_value_post_gres":null,"has_max_length":null,"has_is_required":null,"identity_column":"{\"local\":null,\"autoIncrement\":null,\"autoNumberer\":null,\"autoNumbererColumnName\":null,\"commited\":true}","enum_name":null,"length":"256","has_sql_server_type":false,"has_post_gres_type":false,"seed":0},"documentation_info":{"text":"commit element","read_only":false,"mandatory":false,"localizable":false}}],"primary_key":{"name":null,"clustered":null,"single_or_multi":null,"segments":"ContractCode"},"foreign_keys":[{"name":"FK_MA_ContractCodes_MA_ContractCodes_Extended","on":"MA_ContractCodes","on_ns":null,"fk_segments":"ContractCode","pk_segments":"ContractCode","relation":null,"relation_db_context":null,"single_or_multi":null}],"indexes":[],"sql_server_queries":[],"postgres_queries":[],"has_sql_server_queries":false,"has_postgres_queries":false,"sql_server_ifexist_queries":[],"has_sql_server_ifexist_queries":false,"postgres_ifexist_queries":[],"has_postgres_ifexist_queries":false}],"altered_tables":[],"father_ef_core_plus_app_mod":"ERP.Company","ef_core_plus_app_mod":null,"add_on_context_name":null,"add_on_file_name":null}}],"query_script_structure":null},{"namespace_data":"ERP.Currencies","ef_core_plus_app_mod":"ERP.Currencies","app_db_signature":null,"ef_schema_structure":null,"ef_add_on_schemas_structure":[{"item1":"ERP.Currencies","item2":{"complete_tables":[{"alter_table":null,"has_pk":false,"namespace":null,"localize":null,"dynamic":"{\"slaveBuffered\":false,\"relation\":\"MA_CurrenciesFixing\",\"commited\":true}","master_table":false,"create":{"create_step":null,"release":"12"},"documentation_info":{"text":"commit element","read_only":false,"mandatory":false,"localizable":false},"ef_core_plus_app_mod":"EFCore.MyMagoStudio.Tools","name_no_under_score":null,"name_under_score":"MA_CurrenciesFixing_Extended","special":false,"derivation":null,"has_columns":false,"declared_namespace":null,"pk_value_generated_never":null,"navigation_property":null,"external_ns":null,"variables":[],"columns":[{"schema_info":{"type":"string","origin_type":"String","name":"Currency","localizable":false,"default_value_origin_type":"('')","sql_server_type":null,"default_value_sql_server":"('')","post_gres_type":null,"default_value_post_gres":"('')","has_max_length":null,"has_is_required":null,"identity_column":"{\"local\":null,\"autoIncrement\":null,\"autoNumberer\":null,\"autoNumbererColumnName\":null,\"commited\":true}","enum_name":null,"length":"8","has_sql_server_type":false,"has_post_gres_type":false,"seed":0},"documentation_info":{"text":"commit element","read_only":false,"mandatory":false,"localizable":false}},{"schema_info":{"type":"string","origin_type":"String","name":"ReferredCurrency","localizable":false,"default_value_origin_type":"('')","sql_server_type":null,"default_value_sql_server":"('')","post_gres_type":null,"default_value_post_gres":"('')","has_max_length":null,"has_is_required":null,"identity_column":"{\"local\":null,\"autoIncrement\":null,\"autoNumberer\":null,\"autoNumbererColumnName\":null,\"commited\":true}","enum_name":null,"length":"8","has_sql_server_type":false,"has_post_gres_type":false,"seed":0},"documentation_info":{"text":"commit element","read_only":false,"mandatory":false,"localizable":false}},{"schema_info":{"type":"DateTime","origin_type":"Date","name":"FixingDate","localizable":false,"default_value_origin_type":"('1799-12-31T00:00:00')","sql_server_type":null,"default_value_sql_server":"('1799-12-31T00:00:00')","post_gres_type":null,"default_value_post_gres":"('1799-12-31T00:00:00')","has_max_length":null,"has_is_required":null,"identity_column":"{\"local\":null,\"autoIncrement\":null,\"autoNumberer\":null,\"autoNumbererColumnName\":null,\"commited\":true}","enum_name":null,"length":null,"has_sql_server_type":false,"has_post_gres_type":false,"seed":0},"documentation_info":{"text":"commit element","read_only":false,"mandatory":false,"localizable":false}},{"schema_info":{"type":null,"origin_type":"String","name":"DescriptionExt","localizable":false,"default_value_origin_type":null,"sql_server_type":null,"default_value_sql_server":null,"post_gres_type":null,"default_value_post_gres":null,"has_max_length":null,"has_is_required":null,"identity_column":"{\"local\":null,\"autoIncrement\":null,\"autoNumberer\":null,\"autoNumbererColumnName\":null,\"commited\":true}","enum_name":null,"length":"64","has_sql_server_type":false,"has_post_gres_type":false,"seed":0},"documentation_info":{"text":"commit element","read_only":false,"mandatory":false,"localizable":false}},{"schema_info":{"type":null,"origin_type":"String","name":"NotesExt","localizable":false,"default_value_origin_type":null,"sql_server_type":null,"default_value_sql_server":null,"post_gres_type":null,"default_value_post_gres":null,"has_max_length":null,"has_is_required":null,"identity_column":"{\"local\":null,\"autoIncrement\":null,\"autoNumberer\":null,\"autoNumbererColumnName\":null,\"commited\":true}","enum_name":null,"length":"64","has_sql_server_type":false,"has_post_gres_type":false,"seed":0},"documentation_info":{"text":"commit element","read_only":false,"mandatory":false,"localizable":false}}],"primary_key":{"name":null,"clustered":null,"single_or_multi":null,"segments":"Currency, ReferredCurrency, FixingDate"},"foreign_keys":[{"name":"FK_MA_CurrenciesFixing_MA_CurrenciesFixing_Extended","on":"MA_CurrenciesFixing","on_ns":null,"fk_segments":"Currency, ReferredCurrency, FixingDate","pk_segments":"Currency, ReferredCurrency, FixingDate","relation":null,"relation_db_context":null,"single_or_multi":null}],"indexes":[],"sql_server_queries":[],"postgres_queries":[],"has_sql_server_queries":false,"has_postgres_queries":false,"sql_server_ifexist_queries":[],"has_sql_server_ifexist_queries":false,"postgres_ifexist_queries":[],"has_postgres_ifexist_queries":false}],"altered_tables":[],"father_ef_core_plus_app_mod":"ERP.Currencies","ef_core_plus_app_mod":null,"add_on_context_name":null,"add_on_file_name":null}}],"query_script_structure":null}]}