<?xml version="1.0" encoding="utf-8"?>
<DocumentObjects>
  <Documents>
    <Document namespace="MyMagoStudio.Tools.DynamicBatchDocuments.BatchDoc1" localize="BatchDoc1" classhierarchy="" dynamic="true">
      <ViewModes>
        <Mode name="Default" localize="Default" type="batch" schedulable="false" frameID="M.Framework.TbGes.DynamicBatchDocuments.IDD_EMPTYBATCHDOCUMENT_GRID" />
      </ViewModes>
    </Document>
    <Document namespace="MyMagoStudio.Tools.DynamicDocuments.Doc1" localize="Doc 1" classhierarchy="" dynamic="true">
      <ViewModes>
        <Mode name="Default" localize="Default" type="DataEntry" schedulable="false" frameID="M.Framework.TbGes.DynamicDocuments.IDD_EMPTYDOCUMENT" />
      </ViewModes>
    </Document>
  </Documents>
</DocumentObjects>